Keyword,Intent,Volume,Keyword Difficulty,CPC (USD),SERP Features
iptvgo,Commercial,5400,22,0.00,"Reviews, Video, People also ask"
iptv g2g,"Navigational, Transactional",2400,22,0.00,"Video, People also ask, Related searches"
subscribeip tv,Commercial,2400,19,0.75,"Sitelinks, Video, People also ask, Related searches"
iptv providers,Commercial,1900,23,0.00,"Video, Video carousel, People also ask, Related searches"
best iptv uk,Commercial,1600,28,1.33,"AI Overview, Video, People also ask, Discussions and forums, Related searches"
iptv subscription uk,Commercial,1600,25,0.00,"Video, People also ask, Related searches"
iptv subscribe,Commercial,1000,21,0.75,"AI Overview, Video, Video carousel, People also ask, Related searches"
smartone iptv,"Informational, Transactional",1000,23,0.00,"Video, Video carousel, People also ask, Knowledge panel, Related searches"
best iptv provider,Commercial,880,15,0.00,"Sitelinks, Video, Video carousel, People also ask, Discussions and forums, Related searches"
iptv tv providers,Commercial,880,29,0.00,"Featured snippet, Video, Video carousel, People also ask, Discussions and forums, Related searches"
gogo iptv,"Informational, Commercial",720,22,0.00,"AI Overview, Video, Related searches"
iptv services,"Informational, Commercial",720,27,0.00,"Video, Video carousel, People also ask, Related searches"
one iptv,Commercial,720,28,1.69,"People also ask, Related searches"
uk best iptv providers,Commercial,720,15,0.00,"AI Overview, Video, Video carousel, People also ask, Discussions and forums, Related searches"
best iptv service,"Informational, Commercial",590,18,0.00,"Featured snippet, Sitelinks, Video, Video carousel, People also ask, Discussions and forums, Related searches"
free trial iptv uk,Commercial,590,15,0.00,"AI Overview, Video"
ittvx,Transactional,590,23,0.03,"Video, People also ask, Related searches"
itv viewing schedule,"Informational, Transactional",590,27,1.67,"Reviews, People also ask, Related searches"
trex iptv,Commercial,590,22,0.00,"Sitelinks, People also ask, Related searches"
best iptv provider uk,Commercial,480,25,0.00,"AI Overview, Video, Video carousel, People also ask, Discussions and forums, Related searches"
best uk iptv,Commercial,480,21,0.00,"Sitelinks, AI Overview, Video, Video carousel, People also ask, Discussions and forums, Related searches"
e-vision iptv,Commercial,480,21,0.00,"AI Overview, People also ask, Related searches"
iptv 4k,Commercial,480,22,0.77,"Sitelinks, Video, People also ask, Related searches"
iptv in the uk,Commercial,480,17,0.87,"AI Overview, Video, Video carousel, Related searches"
iptv providers uk,Commercial,480,27,0.00,"AI Overview, Video, Video carousel, People also ask, Discussions and forums, Related searches"
irvx,Commercial,480,22,0.03,"Video, People also ask, Related searches, Ads top, Ads bottom"
kemo iptv,Commercial,480,19,0.00,"Sitelinks, Video, Video carousel, People also ask, Related searches"
4k iptv,Commercial,390,26,0.70,"Sitelinks, Video, People also ask, Related searches"
best iptv providers uk,Commercial,390,18,0.00,"Video, People also ask, Discussions and forums, Related searches"
gotvmix,"Informational, Commercial",390,26,0.00,"AI Overview, Reviews, People also ask, Related searches"
iptv providers in uk,Commercial,390,20,0.00,"AI Overview, Video, Video carousel, People also ask, Discussions and forums, Related searches"
itv listings for today,"Informational, Transactional",390,22,1.69,"People also ask, Related searches"
lux iptv,Commercial,390,24,0.00,"Sitelinks, Video, Related searches"
skyglass iptv,Commercial,390,16,0.00,"Video, People also ask, Related searches"
best iptv for uk,Commercial,320,16,0.00,"Sitelinks, AI Overview, Video, Video carousel, People also ask, Discussions and forums, Related searches"
best premier league iptv providers,Commercial,320,26,0.00,"Sitelinks, Video, People also ask, Related searches"
digital planet iptv,Commercial,320,28,0.00,"Video, People also ask, Related searches"
ip tv subscription,Commercial,320,16,0.96,"Video, Video carousel, People also ask, Related searches"
itv tb guide,"Informational, Transactional",320,27,1.68,"Reviews, Video, People also ask, Related searches"
kaliteli iptv,Commercial,320,29,0.00,"Reviews, Video, People also ask, Related searches"
strng iptv,Commercial,320,19,0.00,"People also ask, Related searches"
strong iptv,Commercial,320,28,0.00,"Sitelinks, Video, People also ask, Related searches"
uk iptv providers,Commercial,320,18,0.00,"Video, Video carousel, People also ask, Discussions and forums, Related searches"
best free iptv for firestick,Commercial,260,26,0.00,"Sitelinks, AI Overview, Video, Video carousel, People also ask, Discussions and forums, Related searches"
best iptv for firestick,Commercial,260,29,0.00,"Sitelinks, AI Overview, Video, Video carousel, People also ask, Discussions and forums, Related searches"
best iptv services,Commercial,260,16,0.00,"AI Overview, Video, Video carousel, People also ask, Discussions and forums, Related searches"
biggest iptv provider,Commercial,260,24,0.00,"AI Overview, Video, Video carousel, People also ask, Related searches"
iptv al,"Informational, Commercial",260,23,0.00,"Reviews, Video, People also ask"
iptv login,"Navigational, Transactional",260,17,0.00,"Video, People also ask, Related searches"
iptv providers reddit,"Navigational, Transactional",260,27,0.00,"Video, People also ask, Related searches"
iptv smarters apk,Commercial,260,28,0.00,"People also ask, Related searches"
itv advertising,"Informational, Transactional",260,28,5.59,"Video, People also ask, Related searches, Ads top, Ads middle"
itvg,"Informational, Transactional",260,27,0.02,"Video, People also ask, Related searches"
telivision x,Commercial,260,16,0.28,People also ask
z2u iptv,"Navigational, Transactional",260,22,0.00,"Sitelinks, Related searches"
best iptv players,Commercial,210,18,0.00,"Sitelinks, AI Overview, Reviews, Video, Video carousel, People also ask, Related searches"
best iptv service in uk,Commercial,210,19,0.00,"Sitelinks, AI Overview, Video, Video carousel, People also ask, Discussions and forums, Related searches"
best iptv subscription,Commercial,210,26,0.00,"Sitelinks, AI Overview, Video, Video carousel, People also ask, Discussions and forums, Related searches"
harry potter itv,Transactional,210,21,0.00,"Sitelinks, Reviews, Video, People also ask, Related searches"
ip tv service,Commercial,210,23,0.00,"Featured snippet, Sitelinks, Video, People also ask, Related searches"
iptv 3mu playlist,"Informational, Commercial",210,29,0.00,"Sitelinks, AI Overview, Reviews, Video, Video carousel, People also ask, Related searches"
iptv set top box,"Informational, Commercial",210,24,0.00,"Sitelinks, AI Overview, Reviews, Video, Video carousel, People also ask, Related searches, Popular products"
iptv sports,Commercial,210,19,0.00,"AI Overview, Video, Video carousel, People also ask, Top stories, Related searches"
iptv subscripcion,Commercial,210,15,0.00,"Sitelinks, Image pack, Video, Video carousel, People also ask, Related searches"
recommended iptv providers,Commercial,210,22,0.00,"AI Overview, Image pack, Video, Video carousel, People also ask, Discussions and forums"
ssoa tv,"Informational, Transactional",210,22,0.92,"Image pack, Video, Related searches"
uk iptv service,Commercial,210,22,0.00,"AI Overview, Video, Video carousel, People also ask, Related searches"
best iptv for mag 322,Commercial,170,22,0.00,"Sitelinks, Video, Video carousel, People also ask, Related searches"
box iptv android,Commercial,170,26,0.00,"Sitelinks, Video, Video carousel, People also ask, Related searches, Popular products"
bulsatcom iptv,Commercial,170,24,0.00,"Reviews, Video, People also ask, Related searches"
iptv alibaba,"Navigational, Transactional",170,28,0.00,"Sitelinks, Video, People also ask, Related searches"
iptv buy,Transactional,170,20,0.00,"Video, Video carousel, Popular products"
iptv online,Commercial,170,27,0.00,"Video, People also ask, Related searches"
iptv reseller panel,Commercial,170,15,0.00,"Sitelinks, Video, People also ask, Discussions and forums, Related searches"
iptv reviews uk,Commercial,170,29,0.00,"Sitelinks, AI Overview, Reviews, Video, People also ask, Discussions and forums, Related searches"
iptv service provider,Commercial,170,17,0.00,"Sitelinks, Image pack, Video, Video carousel, People also ask, Related searches"
iptv services uk,Commercial,170,21,0.00,"AI Overview, Video, Video carousel, People also ask, Discussions and forums, Related searches"
iptvservice,Commercial,170,23,0.00,"Sitelinks, AI Overview, Video, Video carousel, People also ask, Related searches"
itfv,Commercial,170,29,0.04,Top stories
itv reality shows,"Navigational, Transactional",170,29,0.00,"Video, People also ask, Related searches"
itv tv gyide,"Informational, Transactional",170,26,1.68,"Reviews, Video, People also ask"
m3u iptv playlist,"Informational, Commercial",170,24,0.00,"Sitelinks, AI Overview, Reviews, Video, Video carousel, Related searches"
myitv,Commercial,170,28,0.00,"Image, Image pack, Video, People also ask, Related searches"
necro iptv,Commercial,170,17,0.00,"People also ask, Related searches"
oitvx,Commercial,170,20,0.10,"Video, People also ask, Related searches, Ads top, Ads bottom"
purchase iptv,Transactional,170,17,0.00,"Video, Video carousel, People also ask, Related searches"
tvboxuk,Transactional,170,28,0.68,"Video, People also ask, Related searches"
4k live iptv,Commercial,140,16,0.00,"Sitelinks, Video, People also ask, Related searches"
best iptv app firestick,Commercial,140,22,0.00,"Sitelinks, AI Overview, Video, Video carousel, People also ask, Related searches"
best iptv app for apple tv,Commercial,140,22,0.00,"Sitelinks, AI Overview, Video, Discussions and forums, Related searches"
best iptv app for firestick,Commercial,140,24,0.00,"Sitelinks, AI Overview, Video, Video carousel, People also ask, Related searches"
best iptv service for uk,Commercial,140,29,0.00,"Sitelinks, AI Overview, Video, People also ask, Discussions and forums, Related searches"
buy iptv uk,Commercial,140,22,0.00,"Video, People also ask, Related searches"
code for itv,"Informational, Transactional",140,26,0.00,"AI Overview, Video, People also ask, Related searches"
guek hd iptv,Commercial,140,25,0.00,People also ask
ip tv provider,Commercial,140,16,0.00,"Video, Video carousel, People also ask, Discussions and forums, Related searches"
ip-tv subscription,Commercial,140,26,0.75,"Sitelinks, AI Overview, Video, Video carousel, People also ask, Related searches"
iptv best,Commercial,140,27,0.00,"Sitelinks, AI Overview, Video, Video carousel, People also ask, Top stories, Related searches"
iptv log in,"Navigational, Transactional",140,20,0.00,"Reviews, Video, People also ask, Related searches"
iptv lux,Commercial,140,28,4.77,"Sitelinks, People also ask, Related searches"
iptv mega,Commercial,140,16,0.00,"Video, Related searches"
iptv poland,Commercial,140,20,0.00,"Sitelinks, Image, People also ask, Related searches"
iptv purchase,Transactional,140,28,0.00,"AI Overview, Video, Video carousel, People also ask, Related searches"
iptvsubscription,Commercial,140,16,0.75,"Sitelinks, Video, Video carousel, People also ask, Related searches"
itv ad,"Informational, Transactional",140,27,5.59,"Video, Video carousel, Short videos, People also ask, Related searches, Ads bottom"
itv dvber,"Navigational, Transactional",140,16,0.00,"Sitelinks, People also ask, Related searches"
itv tomorrow,"Informational, Transactional",140,25,0.00,"Video, Related searches"
loadtv,"Navigational, Transactional",140,19,0.00,"Reviews, People also ask, Related searches"
portugal iptv,Commercial,140,20,0.00,"Video, People also ask, Related searches"
sipptv,Commercial,140,27,0.84,"Reviews, Image pack, Video, Related searches"
smart tv player,Commercial,140,26,0.21,"Video, Video carousel, People also ask, Related searches"
sstv iptv,Commercial,140,16,0.00,"Video, People also ask, Related searches"
strong 8k iptv reddit,"Navigational, Transactional",140,23,0.00,Related searches
xtream codes iptv 2025,Commercial,140,26,0.00,"Sitelinks, Video, People also ask, Related searches"
albkanale iptv,"Informational, Transactional",110,26,0.00,"Sitelinks, Video, Related searches"
alibaba iptv,"Navigational, Transactional",110,27,0.00,"Sitelinks, Video, People also ask, Related searches"
android box iptv,"Informational, Transactional",110,27,0.00,"Sitelinks, Video, Video carousel, People also ask, Discussions and forums, Related searches, Popular products"
app smart iptv,Transactional,110,28,0.00,"Reviews, Video, Video carousel, People also ask, Related searches"
best android app for iptv,Commercial,110,16,0.00,"Sitelinks, AI Overview, Video, Video carousel, People also ask, Discussions and forums, Related searches"
best app for iptv on firestick,Commercial,110,15,0.00,"Sitelinks, AI Overview, Video, Video carousel, People also ask, Related searches"
best device for iptv,Commercial,110,27,0.00,"Sitelinks, AI Overview, Reviews, Video, People also ask, Related searches"
best ip tv uk,Commercial,110,21,0.00,"Featured snippet, Sitelinks, Video, Video carousel, People also ask, Discussions and forums, Related searches"
best iptv 2025 uk,Commercial,110,19,0.00,"Sitelinks, Video, People also ask, Discussions and forums, Related searches"
best iptv for firestick 2024,Commercial,110,21,0.00,"Sitelinks, AI Overview, Video, Video carousel, People also ask, Discussions and forums, Related searches"
best iptv player android,Commercial,110,27,0.00,"Sitelinks, AI Overview, Video, Video carousel, People also ask, Discussions and forums, Related searches"
best iptv player for firestick,Commercial,110,28,0.00,"Sitelinks, AI Overview, Video, Video carousel, People also ask, Discussions and forums, Related searches"
best iptv services uk,Commercial,110,28,0.00,"Sitelinks, AI Overview, Video, People also ask, Discussions and forums, Related searches"
biggest iptv,Commercial,110,18,0.00,"Sitelinks, Image pack, Video, Video carousel, People also ask, Discussions and forums, Related searches"
box iptv,"Informational, Commercial",110,19,0.65,"Sitelinks, Image pack, Video, Video carousel, People also ask, Related searches, Popular products"
can you get itvx on freeview,"Informational, Transactional",110,24,0.00,"AI Overview, Video, Video carousel, People also ask, Related searches"
downloader code for iptv,"Informational, Commercial",110,27,0.00,"Sitelinks, AI Overview, Video, Video carousel, People also ask, Related searches"
fubo iptv,Commercial,110,28,0.00,"Image, Video, People also ask, Related searches"
international iptv receiver box,"Informational, Transactional",110,25,0.00,"Sitelinks, Video, Video carousel, People also ask, Related searches"
iptv comparison,Commercial,110,19,0.00,"Featured snippet, Video, Video carousel, Discussions and forums, Related searches"
iptv panel,Commercial,110,28,0.00,"Image pack, Video, Video carousel, People also ask, Related searches"
iptv provider reviews on ios gse player 2020,"Informational, Commercial",110,24,0.00,"AI Overview, Video, People also ask, Related searches"
iptv providers uk reddit,"Navigational, Transactional",110,28,0.00,Related searches
iptv usa,Commercial,110,19,0.51,"Sitelinks, Video, Video carousel, People also ask, Related searches"
itgv,Commercial,110,20,0.27,"Video, People also ask, Related searches, Ads top, Ads bottom"
itv reality series,"Informational, Transactional",110,29,0.00,"Video, People also ask, Related searches"
ivlog tv,"Navigational, Transactional",110,16,0.00,"Video, Related searches"
nagra iptv,"Navigational, Transactional",110,17,0.00,"Sitelinks, People also ask, Related searches"
reseller iptv panel,Commercial,110,19,0.00,"Sitelinks, Video, Discussions and forums, Related searches"
tourist family hd view watch online free,"Informational, Transactional",110,22,0.00,"AI Overview, Video, People also ask, Related searches"
tvinch,"Informational, Commercial",110,25,0.46,"Image pack, Video, People also ask, Related searches"
best apple tv iptv app,Commercial,90,24,0.00,"Sitelinks, Video, People also ask, Discussions and forums, Related searches"
best iptv player firestick,Commercial,90,26,0.00,"Sitelinks, AI Overview, Video, Video carousel, People also ask, Discussions and forums, Related searches"
best windows iptv player,Commercial,90,28,0.00,"Sitelinks, AI Overview, Video, Video carousel, People also ask, Discussions and forums, Related searches"
box android tv iptv,"Informational, Transactional",90,23,0.00,"AI Overview, Video, Video carousel, People also ask, Discussions and forums, Related searches, Popular products"
clicky login,"Navigational, Transactional",90,17,0.00,"Video, People also ask, Related searches"
itv 1 program,"Informational, Transactional",90,25,1.59,"Video, People also ask, Related searches"
livetv uk,"Informational, Commercial",90,27,0.78,"Reviews, Video, Related searches"
